Keyword,Category,Priority
AI Integration Automation,AI & ML,High
AI Integration Build,AI & ML,High
AI Integration Consultant,AI & ML,High
AI Integration Customization,AI & ML,High
AI Integration Debugging,AI & ML,High
AI Integration Deployment,AI & ML,High
AI Integration Developer,AI & ML,High
AI Integration Development,AI & ML,High
AI Integration Engineer,AI & ML,High
AI Integration Expert,AI & ML,High
AI Integration Fix,AI & ML,High
AI Integration Freelancer,AI & ML,High
AI Integration Integration,AI & ML,High
AI Integration Maintenance,AI & ML,High
AI Integration Migration,AI & ML,High
AI Integration Optimization,AI & ML,High
AI Integration Setup,AI & ML,High
AI Integration Specialist,AI & ML,High
AI Integration Support,AI & ML,High
AI Integration for Hire,AI & ML,High
AI Powered IVR,AI & ML,High
AI Voice Agent Automation,AI & ML,High
AI Voice Agent Build,AI & ML,High
AI Voice Agent Consultant,AI & ML,High
AI Voice Agent Customization,AI & ML,High
AI Voice Agent Debugging,AI & ML,High
AI Voice Agent Deployment,AI & ML,High
AI Voice Agent Developer,AI & ML,High
AI Voice Agent Development,AI & ML,High
AI Voice Agent Engineer,AI & ML,High
AI Voice Agent Expert,AI & ML,High
AI Voice Agent Fix,AI & ML,High
AI Voice Agent Freelancer,AI & ML,High
AI Voice Agent Integration,AI & ML,High
AI Voice Agent Maintenance,AI & ML,High
AI Voice Agent Migration,AI & ML,High
AI Voice Agent Optimization,AI & ML,High
AI Voice Agent Setup,AI & ML,High
AI Voice Agent Specialist,AI & ML,High
AI Voice Agent Support,AI & ML,High
AI Voice Agent for Hire,AI & ML,High
API Automation Testing,Full Stack & Backend,High
API Debugging Service,Full Stack & Backend,High
API Rate Limiting Setup,Full Stack & Backend,High
Accessibility Audit WCAG,Development,High
Admin Dashboard Consultant,Development,High
Admin Dashboard Developer,Development,High
Admin Dashboard Development,Development,High
Admin Dashboard Engineer,Development,High
Admin Dashboard Expert,Development,High
Admin Dashboard Freelancer,Development,High
Admin Dashboard Specialist,Development,High
Admin Dashboard for Hire,Development,High
Admin Panel Development Automation,Automation & Telephony,High
Admin Panel Development Build,Development,High
Admin Panel Development Consultant,Development,High
Admin Panel Development Customization,Development,High
Admin Panel Development Debugging,Development,High
Admin Panel Development Deployment,Development,High
Admin Panel Development Developer,Development,High
Admin Panel Development Development,Development,High
Admin Panel Development Engineer,Development,High
Admin Panel Development Expert,Development,High
Admin Panel Development Fix,Development,High
Admin Panel Development Freelancer,Development,High
Admin Panel Development Integration,Development,High
Admin Panel Development Maintenance,Development,High
Admin Panel Development Migration,Development,High
Admin Panel Development Optimization,Development,High
Admin Panel Development Setup,Development,High
Admin Panel Development Specialist,Development,High
Admin Panel Development Support,Development,High
Admin Panel Development for Hire,Development,High
Analytics Dashboard Consultant,Development,High
Analytics Dashboard Developer,Development,High
Analytics Dashboard Development,Development,High
Analytics Dashboard Engineer,Development,High
Analytics Dashboard Expert,Development,High
Analytics Dashboard Freelancer,Development,High
Analytics Dashboard Specialist,Development,High
Analytics Dashboard for Hire,Development,High
Automated Backup System,Development,High
Automated Data Extraction,Development,High
Automated Data Pipeline,Development,High
Automated Email Responder,Development,High
Automated Notification System,Development,High
Automated Reporting Dashboard,Development,High
Automated Testing Developer,Development,High
Automated Web Scraper Python,Full Stack & Backend,High
Automation Consultant,Automation & Telephony,High
Automation Freelancer,Automation & Telephony,High
Automation Script Debugging,Automation & Telephony,High
Automation Script Fix,Automation & Telephony,High
B2B Portal Developer,Development,High
B2C Website Developer,Development,High
Backend System Consultant,Development,High
Backend System Developer,Development,High
Backend System Development,Development,High
Backend System Engineer,Development,High
Backend System Expert,Development,High
Backend System Freelancer,Development,High
Backend System Specialist,Development,High
Backend System for Hire,Development,High
Blog Platform Consultant,Development,High
Blog Platform Developer,Development,High
Blog Platform Development,Development,High
Blog Platform Engineer,Development,High
Blog Platform Expert,Development,High
Blog Platform Freelancer,Development,High
Blog Platform Specialist,Development,High
Blog Platform for Hire,Development,High
Booking System Consultant,Development,High
Booking System Developer,Development,High
Booking System Development,Development,High
Booking System Engineer,Development,High
Booking System Expert,Development,High
Booking System Freelancer,Development,High
Booking System Specialist,Development,High
Booking System for Hire,Development,High
Browser Automation Developer,Automation & Telephony,High
Bug Fixing Freelancer,Development,High
Build Admin Dashboard,Development,High
Build Analytics Dashboard,Development,High
Build Backend System,Development,High
Build Blog Platform,Development,High
Build Booking System,Development,High
Build CRM System,Development,High
Build Chat Application,Development,High
Build Custom API,Full Stack & Backend,High
Build Database Design,Development,High
Build ERP System,Development,High
Build Inventory Management System,Development,High
Build Job Portal,Development,High
Build Landing Page,Development,High
Build Mobile Responsive Website,Development,High
Build Portfolio Website,Development,High
Build Real Estate Website,Development,High
Build SMS Notification System,Automation & Telephony,High
Build SaaS Application,Development,High
Build Social Media App,Development,High
Build Voice Calling App,Automation & Telephony,High
Build Web App,Development,High
Build Website,Development,High
Business Process Automation,Automation & Telephony,High
CI CD Setup Node React,Full Stack & Backend,High
CRM Automation Developer,Automation & Telephony,High
CRM Integration Automation,Automation & Telephony,High
CRM Integration Build,Development,High
CRM Integration Consultant,Development,High
CRM Integration Customization,Development,High
CRM Integration Debugging,Development,High
CRM Integration Deployment,Development,High
CRM Integration Developer,Development,High
CRM Integration Development,Development,High
CRM Integration Engineer,Development,High
CRM Integration Expert,Development,High
CRM Integration Fix,Development,High
CRM Integration Freelancer,Development,High
CRM Integration Integration,Development,High
CRM Integration Maintenance,Development,High
CRM Integration Migration,Development,High
CRM Integration Optimization,Development,High
CRM Integration Setup,Development,High
CRM Integration Specialist,Development,High
CRM Integration Support,Development,High
CRM Integration for Hire,Development,High
CRM System Consultant,Development,High
CRM System Developer,Development,High
CRM System Development,Development,High
CRM System Engineer,Development,High
CRM System Expert,Development,High
CRM System Freelancer,Development,High
CRM System Specialist,Development,High
CRM System for Hire,Development,High
Call Center Automation Automation,Automation & Telephony,High
Call Center Automation Build,Automation & Telephony,High
Call Center Automation Consultant,Automation & Telephony,High
Call Center Automation Customization,Automation & Telephony,High
Call Center Automation Debugging,Automation & Telephony,High
Call Center Automation Deployment,Automation & Telephony,High
Call Center Automation Developer,Automation & Telephony,High
Call Center Automation Development,Automation & Telephony,High
Call Center Automation Engineer,Automation & Telephony,High
Call Center Automation Expert,Automation & Telephony,High
Call Center Automation Fix,Automation & Telephony,High
Call Center Automation Freelancer,Automation & Telephony,High
Call Center Automation Integration,Automation & Telephony,High
Call Center Automation Maintenance,Automation & Telephony,High
Call Center Automation Migration,Automation & Telephony,High
Call Center Automation Optimization,Automation & Telephony,High
Call Center Automation Setup,Automation & Telephony,High
Call Center Automation Specialist,Automation & Telephony,High
Call Center Automation Support,Automation & Telephony,High
Call Center Automation for Hire,Automation & Telephony,High
Chat Application Consultant,Development,High
Chat Application Developer,Development,High
Chat Application Development,Development,High
Chat Application Engineer,Development,High
Chat Application Expert,Development,High
Chat Application Freelancer,Development,High
Chat Application Specialist,Development,High
Chat Application for Hire,Development,High
Chatbot Automation Developer,Automation & Telephony,High
Chatbot Development Automation,Automation & Telephony,High
Chatbot Development Build,Development,High
Chatbot Development Consultant,Development,High
Chatbot Development Customization,Development,High
Chatbot Development Debugging,Development,High
Chatbot Development Deployment,Development,High
Chatbot Development Developer,Development,High
Chatbot Development Development,Development,High
Chatbot Development Engineer,Development,High
Chatbot Development Expert,Development,High
Chatbot Development Fix,Development,High
Chatbot Development Freelancer,Development,High
Chatbot Development Integration,Development,High
Chatbot Development Maintenance,Development,High
Chatbot Development Migration,Development,High
Chatbot Development Optimization,Development,High
Chatbot Development Setup,Development,High
Chatbot Development Specialist,Development,High
Chatbot Development Support,Development,High
Chatbot Development for Hire,Development,High
Cloud Deployment AWS React,Full Stack & Backend,High
Code Review React Node,Full Stack & Backend,High
Convert Figma to React,Full Stack & Backend,High
Convert PSD to HTML React,Full Stack & Backend,High
Core Java Automation,Automation & Telephony,High
Core Java Build,Development,High
Core Java Consultant,Development,High
Core Java Customization,Development,High
Core Java Debugging,Development,High
Core Java Deployment,Development,High
Core Java Developer,Development,High
Core Java Development,Development,High
Core Java Engineer,Development,High
Core Java Expert,Development,High
Core Java Fix,Development,High
Core Java Freelancer,Development,High
Core Java Integration,Development,High
Core Java Maintenance,Development,High
Core Java Migration,Development,High
Core Java Optimization,Development,High
Core Java Setup,Development,High
Core Java Specialist,Development,High
Core Java Support,Development,High
Core Java for Hire,Development,High
Cron Job Automation Setup,Automation & Telephony,High
Custom API Consultant,Full Stack & Backend,High
Custom API Developer,Full Stack & Backend,High
Custom API Development,Full Stack & Backend,High
Custom API Engineer,Full Stack & Backend,High
Custom API Expert,Full Stack & Backend,High
Custom API Freelancer,Full Stack & Backend,High
Custom API Specialist,Full Stack & Backend,High
Custom API for Hire,Full Stack & Backend,High
Custom Admin Dashboard,Development,High
Custom Analytics Dashboard,Development,High
Custom Automation Tool Developer,Automation & Telephony,High
Custom Backend System,Development,High
Custom Blog Platform,Development,High
Custom Booking System,Development,High
Custom CMS Development,Development,High
Custom CRM System,Development,High
Custom Chat Application,Development,High
Custom Custom API,Full Stack & Backend,High
Custom Database Design,Development,High
Custom ERP System,Development,High
Custom Inventory Management System,Development,High
Custom Job Portal,Development,High
Custom Landing Page,Development,High
Custom Mobile Responsive Website,Development,High
Custom Portfolio Website,Development,High
Custom Real Estate Website,Development,High
Custom SMS Notification System,Automation & Telephony,High
Custom SaaS Application,Development,High
Custom Social Media App,Development,High
Custom Voice Calling App,Automation & Telephony,High
Custom Web App,Development,High
Custom Website,Development,High
Dashboard Development Automation,Automation & Telephony,High
Dashboard Development Build,Development,High
Dashboard Development Consultant,Development,High
Dashboard Development Customization,Development,High
Dashboard Development Debugging,Development,High
Dashboard Development Deployment,Development,High
Dashboard Development Developer,Development,High
Dashboard Development Development,Development,High
Dashboard Development Engineer,Development,High
Dashboard Development Expert,Development,High
Dashboard Development Fix,Development,High
Dashboard Development Freelancer,Development,High
Dashboard Development Integration,Development,High
Dashboard Development Maintenance,Development,High
Dashboard Development Migration,Development,High
Dashboard Development Optimization,Development,High
Dashboard Development Setup,Development,High
Dashboard Development Specialist,Development,High
Dashboard Development Support,Development,High
Dashboard Development for Hire,Development,High
Data Entry Automation,Automation & Telephony,High
Data Pipeline Python Automation,Full Stack & Backend,High
Data Pipeline Python Build,Full Stack & Backend,High
Data Pipeline Python Consultant,Full Stack & Backend,High
Data Pipeline Python Customization,Full Stack & Backend,High
Data Pipeline Python Debugging,Full Stack & Backend,High
Data Pipeline Python Deployment,Full Stack & Backend,High
Data Pipeline Python Developer,Full Stack & Backend,High
Data Pipeline Python Development,Full Stack & Backend,High
Data Pipeline Python Engineer,Full Stack & Backend,High
Data Pipeline Python Expert,Full Stack & Backend,High
Data Pipeline Python Fix,Full Stack & Backend,High
Data Pipeline Python Freelancer,Full Stack & Backend,High
Data Pipeline Python Integration,Full Stack & Backend,High
Data Pipeline Python Maintenance,Full Stack & Backend,High
Data Pipeline Python Migration,Full Stack & Backend,High
Data Pipeline Python Optimization,Full Stack & Backend,High
Data Pipeline Python Setup,Full Stack & Backend,High
Data Pipeline Python Specialist,Full Stack & Backend,High
Data Pipeline Python Support,Full Stack & Backend,High
Data Pipeline Python for Hire,Full Stack & Backend,High
Database Design Consultant,Development,High
Database Design Developer,Development,High
Database Design Development,Development,High
Database Design Engineer,Development,High
Database Design Expert,Development,High
Database Design Freelancer,Development,High
Database Design Specialist,Development,High
Database Design for Hire,Development,High
Database Migration MySQL to PostgreSQL,Development,High
Database Schema Design MySQL,Development,High
Deploy Django App,Full Stack & Backend,High
Deploy Node App Heroku,Full Stack & Backend,High
Deploy React App Render,Full Stack & Backend,High
Django + PostgreSQL Build,Full Stack & Backend,High
Django + PostgreSQL Consultant,Full Stack & Backend,High
Django + PostgreSQL Developer,Full Stack & Backend,High
Django + PostgreSQL Development,Full Stack & Backend,High
Django + PostgreSQL Engineer,Full Stack & Backend,High
Django + PostgreSQL Expert,Full Stack & Backend,High
Django + PostgreSQL Fix,Full Stack & Backend,High
Django + PostgreSQL Freelancer,Full Stack & Backend,High
Django + PostgreSQL Integration,Full Stack & Backend,High
Django + PostgreSQL Migration,Full Stack & Backend,High
Django + PostgreSQL Setup,Full Stack & Backend,High
Django + PostgreSQL Specialist,Full Stack & Backend,High
Django + PostgreSQL for Hire,Full Stack & Backend,High
Django + React Build,Full Stack & Backend,High
Django + React Consultant,Full Stack & Backend,High
Django + React Developer,Full Stack & Backend,High
Django + React Development,Full Stack & Backend,High
Django + React Engineer,Full Stack & Backend,High
Django + React Expert,Full Stack & Backend,High
Django + React Fix,Full Stack & Backend,High
Django + React Freelancer,Full Stack & Backend,High
Django + React Integration,Full Stack & Backend,High
Django + React Migration,Full Stack & Backend,High
Django + React Setup,Full Stack & Backend,High
Django + React Specialist,Full Stack & Backend,High
Django + React for Hire,Full Stack & Backend,High
Django Automation,Full Stack & Backend,High
Django Build,Full Stack & Backend,High
Django Consultant,Full Stack & Backend,High
Django Customization,Full Stack & Backend,High
Django Debugging,Full Stack & Backend,High
Django Deployment,Full Stack & Backend,High
Django Developer,Full Stack & Backend,High
Django Development,Full Stack & Backend,High
Django Engineer,Full Stack & Backend,High
Django Expert,Full Stack & Backend,High
Django Fix,Full Stack & Backend,High
Django Freelancer,Full Stack & Backend,High
Django Integration,Full Stack & Backend,High
Django Maintenance,Full Stack & Backend,High
Django Migration,Full Stack & Backend,High
Django Optimization,Full Stack & Backend,High
Django REST Automation,Full Stack & Backend,High
Django REST Build,Full Stack & Backend,High
Django REST Consultant,Full Stack & Backend,High
Django REST Customization,Full Stack & Backend,High
Django REST Debugging,Full Stack & Backend,High
Django REST Deployment,Full Stack & Backend,High
Django REST Developer,Full Stack & Backend,High
Django REST Development,Full Stack & Backend,High
Django REST Engineer,Full Stack & Backend,High
Django REST Expert,Full Stack & Backend,High
Django REST Fix,Full Stack & Backend,High
Django REST Freelancer,Full Stack & Backend,High
Django REST Integration,Full Stack & Backend,High
Django REST Maintenance,Full Stack & Backend,High
Django REST Migration,Full Stack & Backend,High
Django REST Optimization,Full Stack & Backend,High
Django REST Setup,Full Stack & Backend,High
Django REST Specialist,Full Stack & Backend,High
Django REST Support,Full Stack & Backend,High
Django REST for Hire,Full Stack & Backend,High
Django Setup,Full Stack & Backend,High
Django Specialist,Full Stack & Backend,High
Django Support,Full Stack & Backend,High
Django for Hire,Full Stack & Backend,High
Docker Automation,Automation & Telephony,High
Docker Build,Development,High
Docker Consultant,Development,High
Docker Customization,Development,High
Docker Debugging,Development,High
Docker Deployment,Development,High
Docker Developer,Development,High
Docker Development,Development,High
Docker Engineer,Development,High
Docker Expert,Development,High
Docker Fix,Development,High
Docker Freelancer,Development,High
Docker Integration,Development,High
Docker Maintenance,Development,High
Docker Migration,Development,High
Docker Optimization,Development,High
Docker Setup,Development,High
Docker Specialist,Development,High
Docker Support,Development,High
Docker for Hire,Development,High
Dockerize Django App,Full Stack & Backend,High
Dockerize Node App,Full Stack & Backend,High
E-commerce Website Automation,Automation & Telephony,High
E-commerce Website Build,Development,High
E-commerce Website Consultant,Development,High
E-commerce Website Customization,Development,High
E-commerce Website Debugging,Development,High
E-commerce Website Deployment,Development,High
E-commerce Website Developer,Development,High
E-commerce Website Development,Development,High
E-commerce Website Engineer,Development,High
E-commerce Website Expert,Development,High
E-commerce Website Fix,Development,High
E-commerce Website Freelancer,Development,High
E-commerce Website Integration,Development,High
E-commerce Website Maintenance,Development,High
E-commerce Website Migration,Development,High
E-commerce Website Optimization,Development,High
E-commerce Website Setup,Development,High
E-commerce Website Specialist,Development,High
E-commerce Website Support,Development,High
E-commerce Website for Hire,Development,High
ERP System Consultant,Development,High
ERP System Developer,Development,High
ERP System Development,Development,High
ERP System Engineer,Development,High
ERP System Expert,Development,High
ERP System Freelancer,Development,High
ERP System Specialist,Development,High
ERP System for Hire,Development,High
Email Automation Script,Automation & Telephony,High
Excel Automation Python,Full Stack & Backend,High
Express.js Automation,Automation & Telephony,High
Express.js Build,Development,High
Express.js Consultant,Development,High
Express.js Customization,Development,High
Express.js Debugging,Development,High
Express.js Deployment,Development,High
Express.js Developer,Development,High
Express.js Development,Development,High
Express.js Engineer,Development,High
Express.js Expert,Development,High
Express.js Fix,Development,High
Express.js Freelancer,Development,High
Express.js Integration,Development,High
Express.js Maintenance,Development,High
Express.js Migration,Development,High
Express.js Optimization,Development,High
Express.js Setup,Development,High
Express.js Specialist,Development,High
Express.js Support,Development,High
Express.js for Hire,Development,High
FastAPI Automation,Full Stack & Backend,High
FastAPI Build,Full Stack & Backend,High
FastAPI Consultant,Full Stack & Backend,High
FastAPI Customization,Full Stack & Backend,High
FastAPI Debugging,Full Stack & Backend,High
FastAPI Deployment,Full Stack & Backend,High
FastAPI Developer,Full Stack & Backend,High
FastAPI Development,Full Stack & Backend,High
FastAPI Engineer,Full Stack & Backend,High
FastAPI Expert,Full Stack & Backend,High
FastAPI Fix,Full Stack & Backend,High
FastAPI Freelancer,Full Stack & Backend,High
FastAPI Integration,Full Stack & Backend,High
FastAPI Maintenance,Full Stack & Backend,High
FastAPI Migration,Full Stack & Backend,High
FastAPI Optimization,Full Stack & Backend,High
FastAPI Setup,Full Stack & Backend,High
FastAPI Specialist,Full Stack & Backend,High
FastAPI Support,Full Stack & Backend,High
FastAPI for Hire,Full Stack & Backend,High
File Processing Automation,Automation & Telephony,High
Firebase Integration React,Full Stack & Backend,High
Fix Admin Dashboard,Development,High
Fix Analytics Dashboard,Development,High
Fix Backend System,Development,High
Fix Blog Platform,Development,High
Fix Booking System,Development,High
Fix CRM System,Development,High
Fix Chat Application,Development,High
Fix Custom API,Full Stack & Backend,High
Fix Database Design,Development,High
Fix ERP System,Development,High
Fix Inventory Management System,Development,High
Fix Job Portal,Development,High
Fix Landing Page,Development,High
Fix Mobile Responsive Website,Development,High
Fix Node.js Bug,Full Stack & Backend,High
Fix Portfolio Website,Development,High
Fix React Bug,Full Stack & Backend,High
Fix Real Estate Website,Development,High
Fix SMS Notification System,Automation & Telephony,High
Fix SaaS Application,Development,High
Fix Social Media App,Development,High
Fix Voice Calling App,Automation & Telephony,High
Fix Web App,Development,High
Fix Website,Development,High
Form Filling Automation,Automation & Telephony,High
Freelance React Developer India,Full Stack & Backend,High
Full Stack MERN + Twilio Build,Automation & Telephony,High
Full Stack MERN + Twilio Consultant,Automation & Telephony,High
Full Stack MERN + Twilio Developer,Automation & Telephony,High
Full Stack MERN + Twilio Development,Automation & Telephony,High
Full Stack MERN + Twilio Engineer,Automation & Telephony,High
Full Stack MERN + Twilio Expert,Automation & Telephony,High
Full Stack MERN + Twilio Fix,Automation & Telephony,High
Full Stack MERN + Twilio Freelancer,Automation & Telephony,High
Full Stack MERN + Twilio Integration,Automation & Telephony,High
Full Stack MERN + Twilio Migration,Automation & Telephony,High
Full Stack MERN + Twilio Setup,Automation & Telephony,High
Full Stack MERN + Twilio Specialist,Automation & Telephony,High
Full Stack MERN + Twilio for Hire,Automation & Telephony,High
Full Stack MERN Automation,Automation & Telephony,High
Full Stack MERN Build,Development,High
Full Stack MERN Consultant,Development,High
Full Stack MERN Customization,Development,High
Full Stack MERN Debugging,Development,High
Full Stack MERN Deployment,Development,High
Full Stack MERN Developer,Development,High
Full Stack MERN Development,Development,High
Full Stack MERN Engineer,Development,High
Full Stack MERN Expert,Development,High
Full Stack MERN Fix,Development,High
Full Stack MERN Freelancer,Development,High
Full Stack MERN Integration,Development,High
Full Stack MERN Maintenance,Development,High
Full Stack MERN Migration,Development,High
Full Stack MERN Optimization,Development,High
Full Stack MERN Setup,Development,High
Full Stack MERN Specialist,Development,High
Full Stack MERN Support,Development,High
Full Stack MERN for Hire,Development,High
GA4 Event Tracking Setup,Development,High
Google Analytics GA4 Automation,Automation & Telephony,High
Google Analytics GA4 Build,Development,High
Google Analytics GA4 Consultant,Development,High
Google Analytics GA4 Customization,Development,High
Google Analytics GA4 Debugging,Development,High
Google Analytics GA4 Deployment,Development,High
Google Analytics GA4 Developer,Development,High
Google Analytics GA4 Development,Development,High
Google Analytics GA4 Engineer,Development,High
Google Analytics GA4 Expert,Development,High
Google Analytics GA4 Fix,Development,High
Google Analytics GA4 Freelancer,Development,High
Google Analytics GA4 Integration,Development,High
Google Analytics GA4 Maintenance,Development,High
Google Analytics GA4 Migration,Development,High
Google Analytics GA4 Optimization,Development,High
Google Analytics GA4 Setup,Development,High
Google Analytics GA4 Specialist,Development,High
Google Analytics GA4 Support,Development,High
Google Analytics GA4 for Hire,Development,High
Google Maps API Integration,Full Stack & Backend,High
Google Sheets Automation,Automation & Telephony,High
Headless CMS React,Full Stack & Backend,High
Hire Automation Developer,Automation & Telephony,High
Hire Full Stack Developer,Development,High
Hire Node.js Developer,Full Stack & Backend,High
Hire Python Django Developer,Full Stack & Backend,High
Hire React Developer,Full Stack & Backend,High
Hourly React Developer,Full Stack & Backend,High
IVR System Automation,Automation & Telephony,High
IVR System Build,Development,High
IVR System Consultant,Development,High
IVR System Customization,Development,High
IVR System Debugging,Development,High
IVR System Deployment,Development,High
IVR System Developer,Development,High
IVR System Development,Development,High
IVR System Engineer,Development,High
IVR System Expert,Development,High
IVR System Fix,Development,High
IVR System Freelancer,Development,High
IVR System Integration,Development,High
IVR System Maintenance,Development,High
IVR System Migration,Development,High
IVR System Optimization,Development,High
IVR System Setup,Development,High
IVR System Specialist,Development,High
IVR System Support,Development,High
IVR System for Hire,Development,High
Inventory Management System Consultant,Development,High
Inventory Management System Developer,Development,High
Inventory Management System Development,Development,High
Inventory Management System Engineer,Development,High
Inventory Management System Expert,Development,High
Inventory Management System Freelancer,Development,High
Inventory Management System Specialist,Development,High
Inventory Management System for Hire,Development,High
Invoice Automation System,Automation & Telephony,High
JWT Authentication Setup,Development,High
JavaScript Automation,Automation & Telephony,High
JavaScript Build,Development,High
JavaScript Consultant,Development,High
JavaScript Customization,Development,High
JavaScript Debugging,Development,High
JavaScript Deployment,Development,High
JavaScript Developer,Development,High
JavaScript Development,Development,High
JavaScript Engineer,Development,High
JavaScript Expert,Development,High
JavaScript Fix,Development,High
JavaScript Freelancer,Development,High
JavaScript Integration,Development,High
JavaScript Maintenance,Development,High
JavaScript Migration,Development,High
JavaScript Optimization,Development,High
JavaScript Setup,Development,High
JavaScript Specialist,Development,High
JavaScript Support,Development,High
JavaScript for Hire,Development,High
Job Portal Consultant,Development,High
Job Portal Developer,Development,High
Job Portal Development,Development,High
Job Portal Engineer,Development,High
Job Portal Expert,Development,High
Job Portal Freelancer,Development,High
Job Portal Specialist,Development,High
Job Portal for Hire,Development,High
Job Scheduler Python,Full Stack & Backend,High
Landing Page Consultant,Development,High
Landing Page Developer,Development,High
Landing Page Development,Development,High
Landing Page Engineer,Development,High
Landing Page Expert,Development,High
Landing Page Freelancer,Development,High
Landing Page Specialist,Development,High
Landing Page for Hire,Development,High
Lead Generation Automation,Automation & Telephony,High
Legacy App Modernization,Development,High
Legacy PHP to React Migration,Full Stack & Backend,High
Long Term React Developer,Full Stack & Backend,High
MEAN Stack Automation,Automation & Telephony,High
MEAN Stack Build,Development,High
MEAN Stack Consultant,Development,High
MEAN Stack Customization,Development,High
MEAN Stack Debugging,Development,High
MEAN Stack Deployment,Development,High
MEAN Stack Developer,Development,High
MEAN Stack Development,Development,High
MEAN Stack Engineer,Development,High
MEAN Stack Expert,Development,High
MEAN Stack Fix,Development,High
MEAN Stack Freelancer,Development,High
MEAN Stack Integration,Development,High
MEAN Stack Maintenance,Development,High
MEAN Stack Migration,Development,High
MEAN Stack Optimization,Development,High
MEAN Stack Setup,Development,High
MEAN Stack Specialist,Development,High
MEAN Stack Support,Development,High
MEAN Stack for Hire,Development,High
MERN Stack Automation,Automation & Telephony,High
MERN Stack Build,Development,High
MERN Stack Consultant,Development,High
MERN Stack Customization,Development,High
MERN Stack Debugging,Development,High
MERN Stack Deployment,Development,High
MERN Stack Developer,Development,High
MERN Stack Development,Development,High
MERN Stack Engineer,Development,High
MERN Stack Expert,Development,High
MERN Stack Fix,Development,High
MERN Stack Freelancer,Development,High
MERN Stack Integration,Development,High
MERN Stack Maintenance,Development,High
MERN Stack Migration,Development,High
MERN Stack Optimization,Development,High
MERN Stack Setup,Development,High
MERN Stack Specialist,Development,High
MERN Stack Support,Development,High
MERN Stack for Hire,Development,High
MVP Development React Node,Full Stack & Backend,High
Make.com Automation Developer,Automation & Telephony,High
Material UI Automation,Automation & Telephony,High
Material UI Build,Development,High
Material UI Consultant,Development,High
Material UI Customization,Development,High
Material UI Debugging,Development,High
Material UI Deployment,Development,High
Material UI Developer,Development,High
Material UI Development,Development,High
Material UI Engineer,Development,High
Material UI Expert,Development,High
Material UI Fix,Development,High
Material UI Freelancer,Development,High
Material UI Integration,Development,High
Material UI Maintenance,Development,High
Material UI Migration,Development,High
Material UI Optimization,Development,High
Material UI Setup,Development,High
Material UI Specialist,Development,High
Material UI Support,Development,High
Material UI for Hire,Development,High
Microservices Architecture Node,Full Stack & Backend,High
Mobile Responsive Website Consultant,Development,High
Mobile Responsive Website Developer,Development,High
Mobile Responsive Website Development,Development,High
Mobile Responsive Website Engineer,Development,High
Mobile Responsive Website Expert,Development,High
Mobile Responsive Website Freelancer,Development,High
Mobile Responsive Website Specialist,Development,High
Mobile Responsive Website for Hire,Development,High
MongoDB Automation,Automation & Telephony,High
MongoDB Build,Development,High
MongoDB Consultant,Development,High
MongoDB Customization,Development,High
MongoDB Debugging,Development,High
MongoDB Deployment,Development,High
MongoDB Developer,Development,High
MongoDB Development,Development,High
MongoDB Engineer,Development,High
MongoDB Expert,Development,High
MongoDB Fix,Development,High
MongoDB Freelancer,Development,High
MongoDB Integration,Development,High
MongoDB Maintenance,Development,High
MongoDB Migration,Development,High
MongoDB Optimization,Development,High
MongoDB Setup,Development,High
MongoDB Specialist,Development,High
MongoDB Support,Development,High
MongoDB for Hire,Development,High
Multi Vendor Marketplace Developer,Development,High
MySQL Automation,Automation & Telephony,High
MySQL Build,Development,High
MySQL Consultant,Development,High
MySQL Customization,Development,High
MySQL Debugging,Development,High
MySQL Deployment,Development,High
MySQL Developer,Development,High
MySQL Development,Development,High
MySQL Engineer,Development,High
MySQL Expert,Development,High
MySQL Fix,Development,High
MySQL Freelancer,Development,High
MySQL Integration,Development,High
MySQL Maintenance,Development,High
MySQL Migration,Development,High
MySQL Optimization,Development,High
MySQL Query Optimization,Development,High
MySQL Setup,Development,High
MySQL Specialist,Development,High
MySQL Support,Development,High
MySQL for Hire,Development,High
Node + MySQL Build,Full Stack & Backend,High
Node + MySQL Consultant,Full Stack & Backend,High
Node + MySQL Developer,Full Stack & Backend,High
Node + MySQL Development,Full Stack & Backend,High
Node + MySQL Engineer,Full Stack & Backend,High
Node + MySQL Expert,Full Stack & Backend,High
Node + MySQL Fix,Full Stack & Backend,High
Node + MySQL Freelancer,Full Stack & Backend,High
Node + MySQL Integration,Full Stack & Backend,High
Node + MySQL Migration,Full Stack & Backend,High
Node + MySQL Setup,Full Stack & Backend,High
Node + MySQL Specialist,Full Stack & Backend,High
Node + MySQL for Hire,Full Stack & Backend,High
Node Express Automation,Full Stack & Backend,High
Node Express Build,Full Stack & Backend,High
Node Express Consultant,Full Stack & Backend,High
Node Express Customization,Full Stack & Backend,High
Node Express Debugging,Full Stack & Backend,High
Node Express Deployment,Full Stack & Backend,High
Node Express Developer,Full Stack & Backend,High
Node Express Development,Full Stack & Backend,High
Node Express Engineer,Full Stack & Backend,High
Node Express Expert,Full Stack & Backend,High
Node Express Fix,Full Stack & Backend,High
Node Express Freelancer,Full Stack & Backend,High
Node Express Integration,Full Stack & Backend,High
Node Express Maintenance,Full Stack & Backend,High
Node Express Migration,Full Stack & Backend,High
Node Express Optimization,Full Stack & Backend,High
Node Express Setup,Full Stack & Backend,High
Node Express Specialist,Full Stack & Backend,High
Node Express Support,Full Stack & Backend,High
Node Express for Hire,Full Stack & Backend,High
Node.js + MongoDB Build,Full Stack & Backend,High
Node.js + MongoDB Consultant,Full Stack & Backend,High
Node.js + MongoDB Developer,Full Stack & Backend,High
Node.js + MongoDB Development,Full Stack & Backend,High
Node.js + MongoDB Engineer,Full Stack & Backend,High
Node.js + MongoDB Expert,Full Stack & Backend,High
Node.js + MongoDB Fix,Full Stack & Backend,High
Node.js + MongoDB Freelancer,Full Stack & Backend,High
Node.js + MongoDB Integration,Full Stack & Backend,High
Node.js + MongoDB Migration,Full Stack & Backend,High
Node.js + MongoDB Setup,Full Stack & Backend,High
Node.js + MongoDB Specialist,Full Stack & Backend,High
Node.js + MongoDB for Hire,Full Stack & Backend,High
Node.js Automation,Full Stack & Backend,High
Node.js Build,Full Stack & Backend,High
Node.js Consultant,Full Stack & Backend,High
Node.js Customization,Full Stack & Backend,High
Node.js Debugging,Full Stack & Backend,High
Node.js Deployment,Full Stack & Backend,High
Node.js Developer,Full Stack & Backend,High
Node.js Development,Full Stack & Backend,High
Node.js Engineer,Full Stack & Backend,High
Node.js Expert,Full Stack & Backend,High
Node.js Fix,Full Stack & Backend,High
Node.js Freelancer,Full Stack & Backend,High
Node.js Integration,Full Stack & Backend,High
Node.js Maintenance,Full Stack & Backend,High
Node.js Migration,Full Stack & Backend,High
Node.js Optimization,Full Stack & Backend,High
Node.js Setup,Full Stack & Backend,High
Node.js Specialist,Full Stack & Backend,High
Node.js Support,Full Stack & Backend,High
Node.js for Hire,Full Stack & Backend,High
OAuth Integration Developer,Development,High
PDF Automation Python,Full Stack & Backend,High
Part Time Node Developer,Full Stack & Backend,High
PayPal Integration Developer,Development,High
Payment Gateway Integration Automation,Automation & Telephony,High
Payment Gateway Integration Build,Development,High
Payment Gateway Integration Consultant,Development,High
Payment Gateway Integration Customization,Development,High
Payment Gateway Integration Debugging,Development,High
Payment Gateway Integration Deployment,Development,High
Payment Gateway Integration Developer,Development,High
Payment Gateway Integration Development,Development,High
Payment Gateway Integration Engineer,Development,High
Payment Gateway Integration Expert,Development,High
Payment Gateway Integration Fix,Development,High
Payment Gateway Integration Freelancer,Development,High
Payment Gateway Integration Integration,Development,High
Payment Gateway Integration Maintenance,Development,High
Payment Gateway Integration Migration,Development,High
Payment Gateway Integration Optimization,Development,High
Payment Gateway Integration Setup,Development,High
Payment Gateway Integration Specialist,Development,High
Payment Gateway Integration Support,Development,High
Payment Gateway Integration for Hire,Development,High
Payment Gateway Stripe React,Full Stack & Backend,High
Portfolio Website Consultant,Development,High
Portfolio Website Developer,Development,High
Portfolio Website Development,Development,High
Portfolio Website Engineer,Development,High
Portfolio Website Expert,Development,High
Portfolio Website Freelancer,Development,High
Portfolio Website Specialist,Development,High
Portfolio Website for Hire,Development,High
Process Automation Consultant,Automation & Telephony,High
Prototype Development Developer,Development,High
Python + React Build,Full Stack & Backend,High
Python + React Consultant,Full Stack & Backend,High
Python + React Developer,Full Stack & Backend,High
Python + React Development,Full Stack & Backend,High
Python + React Engineer,Full Stack & Backend,High
Python + React Expert,Full Stack & Backend,High
Python + React Fix,Full Stack & Backend,High
Python + React Freelancer,Full Stack & Backend,High
Python + React Integration,Full Stack & Backend,High
Python + React Migration,Full Stack & Backend,High
Python + React Setup,Full Stack & Backend,High
Python + React Specialist,Full Stack & Backend,High
Python + React for Hire,Full Stack & Backend,High
Python Automation Developer,Full Stack & Backend,High
Python Automation Script,Full Stack & Backend,High
Python Bot Developer,Full Stack & Backend,High
Python Django Automation,Full Stack & Backend,High
Python Django Build,Full Stack & Backend,High
Python Django Consultant,Full Stack & Backend,High
Python Django Customization,Full Stack & Backend,High
Python Django Debugging,Full Stack & Backend,High
Python Django Deployment,Full Stack & Backend,High
Python Django Developer,Full Stack & Backend,High
Python Django Development,Full Stack & Backend,High
Python Django Engineer,Full Stack & Backend,High
Python Django Expert,Full Stack & Backend,High
Python Django Fix,Full Stack & Backend,High
Python Django Freelancer,Full Stack & Backend,High
Python Django Integration,Full Stack & Backend,High
Python Django Maintenance,Full Stack & Backend,High
Python Django Migration,Full Stack & Backend,High
Python Django Optimization,Full Stack & Backend,High
Python Django Setup,Full Stack & Backend,High
Python Django Specialist,Full Stack & Backend,High
Python Django Support,Full Stack & Backend,High
Python Django for Hire,Full Stack & Backend,High
REST API Automation,Full Stack & Backend,High
REST API Build,Full Stack & Backend,High
REST API Consultant,Full Stack & Backend,High
REST API Customization,Full Stack & Backend,High
REST API Debugging,Full Stack & Backend,High
REST API Deployment,Full Stack & Backend,High
REST API Developer,Full Stack & Backend,High
REST API Development,Full Stack & Backend,High
REST API Documentation,Full Stack & Backend,High
REST API Engineer,Full Stack & Backend,High
REST API Expert,Full Stack & Backend,High
REST API Fix,Full Stack & Backend,High
REST API Freelancer,Full Stack & Backend,High
REST API Integration,Full Stack & Backend,High
REST API Maintenance,Full Stack & Backend,High
REST API Migration,Full Stack & Backend,High
REST API Optimization,Full Stack & Backend,High
REST API Setup,Full Stack & Backend,High
REST API Specialist,Full Stack & Backend,High
REST API Support,Full Stack & Backend,High
REST API for Hire,Full Stack & Backend,High
RESTful API Automation,Full Stack & Backend,High
RESTful API Build,Full Stack & Backend,High
RESTful API Consultant,Full Stack & Backend,High
RESTful API Customization,Full Stack & Backend,High
RESTful API Debugging,Full Stack & Backend,High
RESTful API Deployment,Full Stack & Backend,High
RESTful API Developer,Full Stack & Backend,High
RESTful API Development,Full Stack & Backend,High
RESTful API Engineer,Full Stack & Backend,High
RESTful API Expert,Full Stack & Backend,High
RESTful API Fix,Full Stack & Backend,High
RESTful API Freelancer,Full Stack & Backend,High
RESTful API Integration,Full Stack & Backend,High
RESTful API Maintenance,Full Stack & Backend,High
RESTful API Migration,Full Stack & Backend,High
RESTful API Optimization,Full Stack & Backend,High
RESTful API Setup,Full Stack & Backend,High
RESTful API Specialist,Full Stack & Backend,High
RESTful API Support,Full Stack & Backend,High
RESTful API for Hire,Full Stack & Backend,High
RPA Developer,Development,High
RPA Python,Full Stack & Backend,High
Razorpay Integration Developer,Development,High
React + Django Build,Full Stack & Backend,High
React + Django Consultant,Full Stack & Backend,High
React + Django Developer,Full Stack & Backend,High
React + Django Development,Full Stack & Backend,High
React + Django Engineer,Full Stack & Backend,High
React + Django Expert,Full Stack & Backend,High
React + Django Fix,Full Stack & Backend,High
React + Django Freelancer,Full Stack & Backend,High
React + Django Integration,Full Stack & Backend,High
React + Django Migration,Full Stack & Backend,High
React + Django Setup,Full Stack & Backend,High
React + Django Specialist,Full Stack & Backend,High
React + Django for Hire,Full Stack & Backend,High
React + FastAPI Build,Full Stack & Backend,High
React + FastAPI Consultant,Full Stack & Backend,High
React + FastAPI Developer,Full Stack & Backend,High
React + FastAPI Development,Full Stack & Backend,High
React + FastAPI Engineer,Full Stack & Backend,High
React + FastAPI Expert,Full Stack & Backend,High
React + FastAPI Fix,Full Stack & Backend,High
React + FastAPI Freelancer,Full Stack & Backend,High
React + FastAPI Integration,Full Stack & Backend,High
React + FastAPI Migration,Full Stack & Backend,High
React + FastAPI Setup,Full Stack & Backend,High
React + FastAPI Specialist,Full Stack & Backend,High
React + FastAPI for Hire,Full Stack & Backend,High
React + Node.js Build,Full Stack & Backend,High
React + Node.js Consultant,Full Stack & Backend,High
React + Node.js Developer,Full Stack & Backend,High
React + Node.js Development,Full Stack & Backend,High
React + Node.js Engineer,Full Stack & Backend,High
React + Node.js Expert,Full Stack & Backend,High
React + Node.js Fix,Full Stack & Backend,High
React + Node.js Freelancer,Full Stack & Backend,High
React + Node.js Integration,Full Stack & Backend,High
React + Node.js Migration,Full Stack & Backend,High
React + Node.js Setup,Full Stack & Backend,High
React + Node.js Specialist,Full Stack & Backend,High
React + Node.js for Hire,Full Stack & Backend,High
React + REST API Build,Full Stack & Backend,High
React + REST API Consultant,Full Stack & Backend,High
React + REST API Developer,Full Stack & Backend,High
React + REST API Development,Full Stack & Backend,High
React + REST API Engineer,Full Stack & Backend,High
React + REST API Expert,Full Stack & Backend,High
React + REST API Fix,Full Stack & Backend,High
React + REST API Freelancer,Full Stack & Backend,High
React + REST API Integration,Full Stack & Backend,High
React + REST API Migration,Full Stack & Backend,High
React + REST API Setup,Full Stack & Backend,High
React + REST API Specialist,Full Stack & Backend,High
React + REST API for Hire,Full Stack & Backend,High
React Automation,Full Stack & Backend,High
React Build,Full Stack & Backend,High
React Consultant,Full Stack & Backend,High
React Customization,Full Stack & Backend,High
React Debugging,Full Stack & Backend,High
React Deployment,Full Stack & Backend,High
React Developer,Full Stack & Backend,High
React Developer for Startup,Full Stack & Backend,High
React Development,Full Stack & Backend,High
React Engineer,Full Stack & Backend,High
React Expert,Full Stack & Backend,High
React Fix,Full Stack & Backend,High
React Freelancer,Full Stack & Backend,High
React Integration,Full Stack & Backend,High
React Maintenance,Full Stack & Backend,High
React Migration,Full Stack & Backend,High
React Native basics support,Full Stack & Backend,High
React Optimization,Full Stack & Backend,High
React Redux Automation,Full Stack & Backend,High
React Redux Build,Full Stack & Backend,High
React Redux Consultant,Full Stack & Backend,High
React Redux Customization,Full Stack & Backend,High
React Redux Debugging,Full Stack & Backend,High
React Redux Deployment,Full Stack & Backend,High
React Redux Developer,Full Stack & Backend,High
React Redux Development,Full Stack & Backend,High
React Redux Engineer,Full Stack & Backend,High
React Redux Expert,Full Stack & Backend,High
React Redux Fix,Full Stack & Backend,High
React Redux Freelancer,Full Stack & Backend,High
React Redux Integration,Full Stack & Backend,High
React Redux Maintenance,Full Stack & Backend,High
React Redux Migration,Full Stack & Backend,High
React Redux Optimization,Full Stack & Backend,High
React Redux Setup,Full Stack & Backend,High
React Redux Specialist,Full Stack & Backend,High
React Redux Support,Full Stack & Backend,High
React Redux for Hire,Full Stack & Backend,High
React Setup,Full Stack & Backend,High
React Specialist,Full Stack & Backend,High
React Support,Full Stack & Backend,High
React for Hire,Full Stack & Backend,High
React.js Automation,Full Stack & Backend,High
React.js Build,Full Stack & Backend,High
React.js Consultant,Full Stack & Backend,High
React.js Customization,Full Stack & Backend,High
React.js Debugging,Full Stack & Backend,High
React.js Deployment,Full Stack & Backend,High
React.js Developer,Full Stack & Backend,High
React.js Development,Full Stack & Backend,High
React.js Engineer,Full Stack & Backend,High
React.js Expert,Full Stack & Backend,High
React.js Fix,Full Stack & Backend,High
React.js Freelancer,Full Stack & Backend,High
React.js Integration,Full Stack & Backend,High
React.js Maintenance,Full Stack & Backend,High
React.js Migration,Full Stack & Backend,High
React.js Optimization,Full Stack & Backend,High
React.js Setup,Full Stack & Backend,High
React.js Specialist,Full Stack & Backend,High
React.js Support,Full Stack & Backend,High
React.js for Hire,Full Stack & Backend,High
ReactJS Automation,Full Stack & Backend,High
ReactJS Build,Full Stack & Backend,High
ReactJS Consultant,Full Stack & Backend,High
ReactJS Customization,Full Stack & Backend,High
ReactJS Debugging,Full Stack & Backend,High
ReactJS Deployment,Full Stack & Backend,High
ReactJS Developer,Full Stack & Backend,High
ReactJS Development,Full Stack & Backend,High
ReactJS Engineer,Full Stack & Backend,High
ReactJS Expert,Full Stack & Backend,High
ReactJS Fix,Full Stack & Backend,High
ReactJS Freelancer,Full Stack & Backend,High
ReactJS Integration,Full Stack & Backend,High
ReactJS Maintenance,Full Stack & Backend,High
ReactJS Migration,Full Stack & Backend,High
ReactJS Optimization,Full Stack & Backend,High
ReactJS Setup,Full Stack & Backend,High
ReactJS Specialist,Full Stack & Backend,High
ReactJS Support,Full Stack & Backend,High
ReactJS for Hire,Full Stack & Backend,High
Real Estate Website Consultant,Development,High
Real Estate Website Developer,Development,High
Real Estate Website Development,Development,High
Real Estate Website Engineer,Development,High
Real Estate Website Expert,Development,High
Real Estate Website Freelancer,Development,High
Real Estate Website Specialist,Development,High
Real Estate Website for Hire,Development,High
Real Time Notification System,Development,High
Redux Automation,Automation & Telephony,High
Redux Build,Development,High
Redux Consultant,Development,High
Redux Customization,Development,High
Redux Debugging,Development,High
Redux Deployment,Development,High
Redux Developer,Development,High
Redux Development,Development,High
Redux Engineer,Development,High
Redux Expert,Development,High
Redux Fix,Development,High
Redux Freelancer,Development,High
Redux Integration,Development,High
Redux Maintenance,Development,High
Redux Migration,Development,High
Redux Optimization,Development,High
Redux Setup,Development,High
Redux Specialist,Development,High
Redux Support,Development,High
Redux for Hire,Development,High
Remote React Developer,Full Stack & Backend,High
Report Automation Python,Full Stack & Backend,High
SMS Automation Twilio,Automation & Telephony,High
SMS Marketing Automation,Automation & Telephony,High
SMS Notification System Consultant,Automation & Telephony,High
SMS Notification System Developer,Automation & Telephony,High
SMS Notification System Development,Automation & Telephony,High
SMS Notification System Engineer,Automation & Telephony,High
SMS Notification System Expert,Automation & Telephony,High
SMS Notification System Freelancer,Automation & Telephony,High
SMS Notification System Specialist,Automation & Telephony,High
SMS Notification System for Hire,Automation & Telephony,High
SQL Server Automation,Automation & Telephony,High
SQL Server Build,Development,High
SQL Server Consultant,Development,High
SQL Server Customization,Development,High
SQL Server Debugging,Development,High
SQL Server Deployment,Development,High
SQL Server Developer,Development,High
SQL Server Development,Development,High
SQL Server Engineer,Development,High
SQL Server Expert,Development,High
SQL Server Fix,Development,High
SQL Server Freelancer,Development,High
SQL Server Integration,Development,High
SQL Server Maintenance,Development,High
SQL Server Migration,Development,High
SQL Server Optimization,Development,High
SQL Server Setup,Development,High
SQL Server Specialist,Development,High
SQL Server Stored Procedure,Development,High
SQL Server Support,Development,High
SQL Server for Hire,Development,High
SaaS Application Consultant,Development,High
SaaS Application Developer,Development,High
SaaS Application Development,Development,High
SaaS Application Engineer,Development,High
SaaS Application Expert,Development,High
SaaS Application Freelancer,Development,High
SaaS Application Specialist,Development,High
SaaS Application for Hire,Development,High
Scalable Backend Developer,Development,High
Selenium Automation Developer,Automation & Telephony,High
Server-Sent Events SSE Automation,Automation & Telephony,High
Server-Sent Events SSE Build,Development,High
Server-Sent Events SSE Consultant,Development,High
Server-Sent Events SSE Customization,Development,High
Server-Sent Events SSE Debugging,Development,High
Server-Sent Events SSE Deployment,Development,High
Server-Sent Events SSE Developer,Development,High
Server-Sent Events SSE Development,Development,High
Server-Sent Events SSE Engineer,Development,High
Server-Sent Events SSE Expert,Development,High
Server-Sent Events SSE Fix,Development,High
Server-Sent Events SSE Freelancer,Development,High
Server-Sent Events SSE Integration,Development,High
Server-Sent Events SSE Maintenance,Development,High
Server-Sent Events SSE Migration,Development,High
Server-Sent Events SSE Optimization,Development,High
Server-Sent Events SSE Setup,Development,High
Server-Sent Events SSE Specialist,Development,High
Server-Sent Events SSE Support,Development,High
Server-Sent Events SSE for Hire,Development,High
Shopify Custom Developer,CMS & Ecommerce,High
Small Task React Developer,Full Stack & Backend,High
Social Media App Consultant,Development,High
Social Media App Developer,Development,High
Social Media App Development,Development,High
Social Media App Engineer,Development,High
Social Media App Expert,Development,High
Social Media App Freelancer,Development,High
Social Media App Specialist,Development,High
Social Media App for Hire,Development,High
Social Media Automation Bot,Automation & Telephony,High
Socket.io Chat App,Development,High
SonarQube Audit Automation,Automation & Telephony,High
SonarQube Audit Build,Development,High
SonarQube Audit Consultant,Development,High
SonarQube Audit Customization,Development,High
SonarQube Audit Debugging,Development,High
SonarQube Audit Deployment,Development,High
SonarQube Audit Developer,Development,High
SonarQube Audit Development,Development,High
SonarQube Audit Engineer,Development,High
SonarQube Audit Expert,Development,High
SonarQube Audit Fix,Development,High
SonarQube Audit Freelancer,Development,High
SonarQube Audit Integration,Development,High
SonarQube Audit Maintenance,Development,High
SonarQube Audit Migration,Development,High
SonarQube Audit Optimization,Development,High
SonarQube Audit Setup,Development,High
SonarQube Audit Specialist,Development,High
SonarQube Audit Support,Development,High
SonarQube Audit for Hire,Development,High
SonarQube Code Quality Setup,Development,High
Spring Boot Automation,Automation & Telephony,High
Spring Boot Build,Development,High
Spring Boot Consultant,Development,High
Spring Boot Customization,Development,High
Spring Boot Debugging,Development,High
Spring Boot Deployment,Development,High
Spring Boot Developer,Development,High
Spring Boot Development,Development,High
Spring Boot Engineer,Development,High
Spring Boot Expert,Development,High
Spring Boot Fix,Development,High
Spring Boot Freelancer,Development,High
Spring Boot Integration,Development,High
Spring Boot Maintenance,Development,High
Spring Boot Migration,Development,High
Spring Boot Optimization,Development,High
Spring Boot Setup,Development,High
Spring Boot Specialist,Development,High
Spring Boot Support,Development,High
Spring Boot for Hire,Development,High
Swagger API Setup,Full Stack & Backend,High
Task Automation Developer,Automation & Telephony,High
Third Party API Integration Automation,Full Stack & Backend,High
Third Party API Integration Build,Full Stack & Backend,High
Third Party API Integration Consultant,Full Stack & Backend,High
Third Party API Integration Customization,Full Stack & Backend,High
Third Party API Integration Debugging,Full Stack & Backend,High
Third Party API Integration Deployment,Full Stack & Backend,High
Third Party API Integration Developer,Full Stack & Backend,High
Third Party API Integration Development,Full Stack & Backend,High
Third Party API Integration Engineer,Full Stack & Backend,High
Third Party API Integration Expert,Full Stack & Backend,High
Third Party API Integration Fix,Full Stack & Backend,High
Third Party API Integration Freelancer,Full Stack & Backend,High
Third Party API Integration Integration,Full Stack & Backend,High
Third Party API Integration Maintenance,Full Stack & Backend,High
Third Party API Integration Migration,Full Stack & Backend,High
Third Party API Integration Optimization,Full Stack & Backend,High
Third Party API Integration Setup,Full Stack & Backend,High
Third Party API Integration Specialist,Full Stack & Backend,High
Third Party API Integration Support,Full Stack & Backend,High
Third Party API Integration for Hire,Full Stack & Backend,High
Twilio + React Build,Full Stack & Backend,High
Twilio + React Consultant,Full Stack & Backend,High
Twilio + React Developer,Full Stack & Backend,High
Twilio + React Development,Full Stack & Backend,High
Twilio + React Engineer,Full Stack & Backend,High
Twilio + React Expert,Full Stack & Backend,High
Twilio + React Fix,Full Stack & Backend,High
Twilio + React Freelancer,Full Stack & Backend,High
Twilio + React Integration,Full Stack & Backend,High
Twilio + React Migration,Full Stack & Backend,High
Twilio + React Setup,Full Stack & Backend,High
Twilio + React Specialist,Full Stack & Backend,High
Twilio + React for Hire,Full Stack & Backend,High
Twilio Integration Automation,Automation & Telephony,High
Twilio Integration Build,Automation & Telephony,High
Twilio Integration Consultant,Automation & Telephony,High
Twilio Integration Customization,Automation & Telephony,High
Twilio Integration Debugging,Automation & Telephony,High
Twilio Integration Deployment,Automation & Telephony,High
Twilio Integration Developer,Automation & Telephony,High
Twilio Integration Development,Automation & Telephony,High
Twilio Integration Engineer,Automation & Telephony,High
Twilio Integration Expert,Automation & Telephony,High
Twilio Integration Fix,Automation & Telephony,High
Twilio Integration Freelancer,Automation & Telephony,High
Twilio Integration Integration,Automation & Telephony,High
Twilio Integration Maintenance,Automation & Telephony,High
Twilio Integration Migration,Automation & Telephony,High
Twilio Integration Optimization,Automation & Telephony,High
Twilio Integration Setup,Automation & Telephony,High
Twilio Integration Specialist,Automation & Telephony,High
Twilio Integration Support,Automation & Telephony,High
Twilio Integration for Hire,Automation & Telephony,High
Twilio Programmable Voice,Automation & Telephony,High
Twilio SMS API Automation,Full Stack & Backend,High
Twilio SMS API Build,Full Stack & Backend,High
Twilio SMS API Consultant,Full Stack & Backend,High
Twilio SMS API Customization,Full Stack & Backend,High
Twilio SMS API Debugging,Full Stack & Backend,High
Twilio SMS API Deployment,Full Stack & Backend,High
Twilio SMS API Developer,Full Stack & Backend,High
Twilio SMS API Development,Full Stack & Backend,High
Twilio SMS API Engineer,Full Stack & Backend,High
Twilio SMS API Expert,Full Stack & Backend,High
Twilio SMS API Fix,Full Stack & Backend,High
Twilio SMS API Freelancer,Full Stack & Backend,High
Twilio SMS API Integration,Full Stack & Backend,High
Twilio SMS API Maintenance,Full Stack & Backend,High
Twilio SMS API Migration,Full Stack & Backend,High
Twilio SMS API Optimization,Full Stack & Backend,High
Twilio SMS API Setup,Full Stack & Backend,High
Twilio SMS API Specialist,Full Stack & Backend,High
Twilio SMS API Support,Full Stack & Backend,High
Twilio SMS API for Hire,Full Stack & Backend,High
Twilio Studio Flow,Automation & Telephony,High
Twilio Voice API Automation,Full Stack & Backend,High
Twilio Voice API Build,Full Stack & Backend,High
Twilio Voice API Consultant,Full Stack & Backend,High
Twilio Voice API Customization,Full Stack & Backend,High
Twilio Voice API Debugging,Full Stack & Backend,High
Twilio Voice API Deployment,Full Stack & Backend,High
Twilio Voice API Developer,Full Stack & Backend,High
Twilio Voice API Development,Full Stack & Backend,High
Twilio Voice API Engineer,Full Stack & Backend,High
Twilio Voice API Expert,Full Stack & Backend,High
Twilio Voice API Fix,Full Stack & Backend,High
Twilio Voice API Freelancer,Full Stack & Backend,High
Twilio Voice API Integration,Full Stack & Backend,High
Twilio Voice API Maintenance,Full Stack & Backend,High
Twilio Voice API Migration,Full Stack & Backend,High
Twilio Voice API Optimization,Full Stack & Backend,High
Twilio Voice API Setup,Full Stack & Backend,High
Twilio Voice API Specialist,Full Stack & Backend,High
Twilio Voice API Support,Full Stack & Backend,High
Twilio Voice API for Hire,Full Stack & Backend,High
TypeScript Automation,Automation & Telephony,High
TypeScript Build,Development,High
TypeScript Consultant,Development,High
TypeScript Customization,Development,High
TypeScript Debugging,Development,High
TypeScript Deployment,Development,High
TypeScript Developer,Development,High
TypeScript Development,Development,High
TypeScript Engineer,Development,High
TypeScript Expert,Development,High
TypeScript Fix,Development,High
TypeScript Freelancer,Development,High
TypeScript Integration,Development,High
TypeScript Maintenance,Development,High
TypeScript Migration,Development,High
TypeScript Optimization,Development,High
TypeScript Setup,Development,High
TypeScript Specialist,Development,High
TypeScript Support,Development,High
TypeScript for Hire,Development,High
Unit Testing React,Full Stack & Backend,High
Urgent React Developer Needed,Full Stack & Backend,High
Voice AI System Automation,AI & ML,High
Voice AI System Build,AI & ML,High
Voice AI System Consultant,AI & ML,High
Voice AI System Customization,AI & ML,High
Voice AI System Debugging,AI & ML,High
Voice AI System Deployment,AI & ML,High
Voice AI System Developer,AI & ML,High
Voice AI System Development,AI & ML,High
Voice AI System Engineer,AI & ML,High
Voice AI System Expert,AI & ML,High
Voice AI System Fix,AI & ML,High
Voice AI System Freelancer,AI & ML,High
Voice AI System Integration,AI & ML,High
Voice AI System Maintenance,AI & ML,High
Voice AI System Migration,AI & ML,High
Voice AI System Optimization,AI & ML,High
Voice AI System Setup,AI & ML,High
Voice AI System Specialist,AI & ML,High
Voice AI System Support,AI & ML,High
Voice AI System for Hire,AI & ML,High
Voice Agent for Call Center,Automation & Telephony,High
Voice Bot Automation,Automation & Telephony,High
Voice Bot Build,Automation & Telephony,High
Voice Bot Consultant,Automation & Telephony,High
Voice Bot Customization,Automation & Telephony,High
Voice Bot Debugging,Automation & Telephony,High
Voice Bot Deployment,Automation & Telephony,High
Voice Bot Developer,Automation & Telephony,High
Voice Bot Development,Automation & Telephony,High
Voice Bot Engineer,Automation & Telephony,High
Voice Bot Expert,Automation & Telephony,High
Voice Bot Fix,Automation & Telephony,High
Voice Bot Freelancer,Automation & Telephony,High
Voice Bot Integration,Automation & Telephony,High
Voice Bot Maintenance,Automation & Telephony,High
Voice Bot Migration,Automation & Telephony,High
Voice Bot Optimization,Automation & Telephony,High
Voice Bot Setup,Automation & Telephony,High
Voice Bot Specialist,Automation & Telephony,High
Voice Bot Support,Automation & Telephony,High
Voice Bot for Hire,Automation & Telephony,High
Voice Call Automation Twilio,Automation & Telephony,High
Voice Calling App Consultant,Automation & Telephony,High
Voice Calling App Developer,Automation & Telephony,High
Voice Calling App Development,Automation & Telephony,High
Voice Calling App Engineer,Automation & Telephony,High
Voice Calling App Expert,Automation & Telephony,High
Voice Calling App Freelancer,Automation & Telephony,High
Voice Calling App Specialist,Automation & Telephony,High
Voice Calling App for Hire,Automation & Telephony,High
WCAG Accessibility Automation,Automation & Telephony,High
WCAG Accessibility Build,Development,High
WCAG Accessibility Consultant,Development,High
WCAG Accessibility Customization,Development,High
WCAG Accessibility Debugging,Development,High
WCAG Accessibility Deployment,Development,High
WCAG Accessibility Developer,Development,High
WCAG Accessibility Development,Development,High
WCAG Accessibility Engineer,Development,High
WCAG Accessibility Expert,Development,High
WCAG Accessibility Fix,Development,High
WCAG Accessibility Freelancer,Development,High
WCAG Accessibility Integration,Development,High
WCAG Accessibility Maintenance,Development,High
WCAG Accessibility Migration,Development,High
WCAG Accessibility Optimization,Development,High
WCAG Accessibility Setup,Development,High
WCAG Accessibility Specialist,Development,High
WCAG Accessibility Support,Development,High
WCAG Accessibility for Hire,Development,High
Web App Consultant,Development,High
Web App Developer,Development,High
Web App Development,Development,High
Web App Engineer,Development,High
Web App Expert,Development,High
Web App Freelancer,Development,High
Web App Specialist,Development,High
Web App for Hire,Development,High
Web Scraping Automation,Automation & Telephony,High
Web Scraping Python Automation,Full Stack & Backend,High
Web Scraping Python Build,Full Stack & Backend,High
Web Scraping Python Consultant,Full Stack & Backend,High
Web Scraping Python Customization,Full Stack & Backend,High
Web Scraping Python Debugging,Full Stack & Backend,High
Web Scraping Python Deployment,Full Stack & Backend,High
Web Scraping Python Developer,Full Stack & Backend,High
Web Scraping Python Development,Full Stack & Backend,High
Web Scraping Python Engineer,Full Stack & Backend,High
Web Scraping Python Expert,Full Stack & Backend,High
Web Scraping Python Fix,Full Stack & Backend,High
Web Scraping Python Freelancer,Full Stack & Backend,High
Web Scraping Python Integration,Full Stack & Backend,High
Web Scraping Python Maintenance,Full Stack & Backend,High
Web Scraping Python Migration,Full Stack & Backend,High
Web Scraping Python Optimization,Full Stack & Backend,High
Web Scraping Python Setup,Full Stack & Backend,High
Web Scraping Python Specialist,Full Stack & Backend,High
Web Scraping Python Support,Full Stack & Backend,High
Web Scraping Python for Hire,Full Stack & Backend,High
WebSocket Automation,Automation & Telephony,High
WebSocket Build,Development,High
WebSocket Consultant,Development,High
WebSocket Customization,Development,High
WebSocket Debugging,Development,High
WebSocket Deployment,Development,High
WebSocket Developer,Development,High
WebSocket Development,Development,High
WebSocket Engineer,Development,High
WebSocket Expert,Development,High
WebSocket Fix,Development,High
WebSocket Freelancer,Development,High
WebSocket Integration,Development,High
WebSocket Maintenance,Development,High
WebSocket Migration,Development,High
WebSocket Optimization,Development,High
WebSocket Setup,Development,High
WebSocket Specialist,Development,High
WebSocket Support,Development,High
WebSocket for Hire,Development,High
Website Consultant,Development,High
Website Developer,Development,High
Website Development,Development,High
Website Engineer,Development,High
Website Expert,Development,High
Website Freelancer,Development,High
Website Redesign React,Full Stack & Backend,High
Website Specialist,Development,High
Website Speed Optimization,Development,High
Website for Hire,Development,High
WhatsApp API Integration Automation,Full Stack & Backend,High
WhatsApp API Integration Build,Full Stack & Backend,High
WhatsApp API Integration Consultant,Full Stack & Backend,High
WhatsApp API Integration Customization,Full Stack & Backend,High
WhatsApp API Integration Debugging,Full Stack & Backend,High
WhatsApp API Integration Deployment,Full Stack & Backend,High
WhatsApp API Integration Developer,Full Stack & Backend,High
WhatsApp API Integration Development,Full Stack & Backend,High
WhatsApp API Integration Engineer,Full Stack & Backend,High
WhatsApp API Integration Expert,Full Stack & Backend,High
WhatsApp API Integration Fix,Full Stack & Backend,High
WhatsApp API Integration Freelancer,Full Stack & Backend,High
WhatsApp API Integration Integration,Full Stack & Backend,High
WhatsApp API Integration Maintenance,Full Stack & Backend,High
WhatsApp API Integration Migration,Full Stack & Backend,High
WhatsApp API Integration Optimization,Full Stack & Backend,High
WhatsApp API Integration Setup,Full Stack & Backend,High
WhatsApp API Integration Specialist,Full Stack & Backend,High
WhatsApp API Integration Support,Full Stack & Backend,High
WhatsApp API Integration for Hire,Full Stack & Backend,High
WhatsApp Automation Bot,Automation & Telephony,High
WhatsApp Business API Bot,Full Stack & Backend,High
WooCommerce Custom Developer,Development,High
WordPress to React Migration,Full Stack & Backend,High
Workflow Automation Developer,Automation & Telephony,High
Zapier Alternative Developer,Development,High
n8n Automation Developer,Automation & Telephony,High
